﻿<?xml version="1.0" encoding="utf-8"?>
<listTypes>

	<!-- 待办类型配置 -->
	<listType type="todo" groupFlag="true">
		<!--变电站 表示按组件配置，一个组件内支持多个模块配置 	comId表示组件标识 -->
        <componentType comId = "patrolengine" appComId = "patrolengine">
            <!-- 	< moduleType > 表示模块类型 	expression="" 表示这个模块的多语言key值  	menuCode 打开详情的菜单 	sendApp 表示是否推送app-->
            <moduleType moduleId = "questionHandle" targetComId="patrolengine"  menuCode = "questionHandle" sendApp = "true" sendWeb="true">
				<moduleStatus status = "1" ></moduleStatus>
            </moduleType>
			<moduleType moduleId = "transferAuthority" targetComId="patrolengine"  menuCode = "transferAuthority" sendApp = "true" sendWeb="true">
                <moduleStatus status = "2" ></moduleStatus>
            </moduleType>
			<moduleType moduleId = "taskHandle" targetComId="patrolengine"  menuCode = "transferAuthority" sendApp = "true" sendWeb="true">
                <moduleStatus status = "3" ></moduleStatus>
            </moduleType>
        </componentType>
	</listType>

	<!-- 普通消息类型配置 -->
	<listType type="message">
		<componentType comId="patrolengine" appComId="patrolengine">
			<!-- 抄送人的消息 -->
			<moduleType moduleId="questionHandle" targetComId="patrolengine" menuCode="questionHandle" sendApp="true" sendWeb="true"/>
		</componentType>
		
			<componentType comId="patrolengine" appComId="patrolengine">
			<!--权限移交 -->
			<moduleType moduleId="transferAuthority" targetComId="patrolengine" menuCode="transferAuthority" sendApp="true" sendWeb="true"/>
		</componentType>
			
	</listType>

</listTypes>